Formula,Energy above hull [eV/atom],Heat of formation [eV/atom],Layer group,Direct band gap (PBE) [eV],Fermi level wrt. vacuum (PBE) [eV],Energy [eV],Band gap (HSE06) [eV],Band gap (PBE) [eV]
SiCH2,0.062,-0.148,p3m1,3.781,-3.489,-21.859,4.871,3.781
Cs2C2O6H2,0,-1.537,p2_111,4.336,-3.289,-75.938,6.047,4.324
C2,0,-0.007,p6/mmm,0,-4.248,-18.454,0,0
K2C2O6H2,0,-1.542,p2_111,4.463,-3.358,-76.773,6.216,4.463
Na2C2O6H2,0,-1.519,p2_111,4.605,-3.386,-76.671,6.301,4.539
Rb2C2O6H2,0,-1.533,p2_111,4.386,-3.365,-76.046,6.136,4.385
Sc4C3,0.187,-0.322,p-3m1,0,-3.035,-48.549,,0
Cu2Cl2C2O2,0.119,-0.613,pm2_1n,2.769,-4.506,-44.514,4.689,2.508
C2H2,0.004,-0.134,p-3m1,3.46,-3,-25.623,4.421,3.46
Y4C3,0.187,-0.156,p-3m1,0,-3.07,-47.519,,0
Zr4C3,0.197,-0.554,p-3m1,0,-3.917,-61.146,,0
NiCl2C6N2H4,0.181,-0.081,pm2m,1.013,-4.717,-97.36,2.638,0.858
K2C2N2O2,0.002,-1.013,pm2_1n,4.759,-3.739,-55.937,5.93,4.61
K2S2C2N2,0.066,-0.415,pm2_1n,4.273,-3.354,-49.055,5.188,4.188
Na2C2N2O2,0.027,-0.962,pm2_1n,4.788,-4.048,-55.704,6.127,4.788
Na2S2C2N2,0.102,-0.328,pm2_1n,4.131,-3.571,-48.542,5.137,4.121
Ge2As2S6C2H6,0.076,-0.143,p11a,1.731,-4.19,-83.791,2.592,1.726
Pb2As2S6C2H6,0.044,-0.213,p11a,2.104,-4.456,-83.524,2.964,1.994
Mn2CO2H2,0.193,-0.679,p-3m1,0,-1.606,-50.305,,0
LiC12,0,-0.017,p6/mmm,0,-3.268,-112.745,,0
Sn2As2S6C2H6,0.052,-0.186,p11a,1.897,-4.258,-83.632,2.724,1.881
NaC12,0.012,0.006,p6/mmm,0,-3.228,-111.869,,0
Ti2CO2H2,0.162,-1.43,p-3m1,0,-1.912,-49.506,,0
V2CO2H2,0.133,-1.06,p-3m1,0,-1.793,-50.588,,0
Ti4C3O2H2,0.097,-1.211,p-3m1,0,-1.912,-84.639,,0
Zr4C3O2H2,0.191,-1.274,p-3m1,0,-2.074,-88.181,,0
Cs2S2C2O6H6,0.096,-1.065,p2_111,4.573,-3.204,-98.129,6.116,4.52
Ge2P2C2O6H6,0,-1.108,p11a,4.626,-3.443,-108.833,5.744,4.605
Ge2P2S6C2H6,0,-0.262,p11a,2.614,-3.92,-87.33,3.499,2.586
Sb2Ge2S6C2H6,0.093,-0.133,p11a,1.591,-4.208,-83.093,2.386,1.549
K2S2C2O6F6,0.05,-1.725,p2_111,6.04,-4.247,-100.356,7.674,5.904
Ti3C2O2H2,0.123,-1.295,p-6m2,0,-1.986,-67.059,,0
K2Se2S6C2H6,0.067,-0.266,p2_111,0.873,-3.961,-77.041,,0.871
Pb2P2C2O6H6,0,-1.15,p11a,3.834,-4.036,-108.076,5.139,3.807
Pb2P2S6C2H6,0,-0.338,p11a,2.246,-4.462,-87.181,3.079,2.11
Sn2P2C2O6H6,0,-1.145,p11a,4.041,-3.644,-108.58,5.049,4.034
Sn2P2S6C2H6,0,-0.308,p11a,2.534,-4.081,-87.231,3.301,2.463
Pb2Sb2S6C2H6,0.086,-0.202,p11a,1.973,-4.448,-82.823,2.889,1.973
Rb2Se2S6C2H6,0.064,-0.268,p2_111,0.968,-3.896,-76.458,1.809,0.968
Hf4Cl2C3,0.006,-1.228,p-3m1,0,-3.617,-72.303,,0
Sn2Sb2S6C2H6,0.088,-0.175,p11a,1.749,-4.255,-82.937,2.426,1.627
Ti4Cl2C3,0.001,-1.135,p-3m1,0,-4.392,-68.207,,0
Cu2Br2C4N2H4,0.187,-0.113,p-1,0.968,-4.083,-78.98,2.528,0.69
Y4Cl2C3,0.18,-0.859,p-3m1,0,-5.734,-57.727,,0
Zr4Cl2C3,0.004,-1.253,p-3m1,0,-4.055,-72.115,,0
Hf4C3F2,0.006,-1.684,p-3m1,0,-3.198,-76.012,,0
Sc4C3F2,0.157,-1.463,p-3m1,0,-5.06,-62.639,,0
Ti4C3F2,0,-1.635,p-3m1,0,-4.573,-72.307,,0
Ag2Cl2C6N2H8,0.089,-0.175,p-1,1.867,-4.427,-111.368,3.278,1.671
Y4C3F2,0.182,-1.363,p-3m1,0,-4.287,-61.866,,0
TaTiCl2C,0.057,-1.195,p3m1,0,-4.291,-35.273,,0
Zr4C3F2,0.005,-1.717,p-3m1,0,-3.516,-75.899,,0
Cu2Br2C6N2F8,0.086,-0.933,p-1,0.374,-5.163,-113.897,2.093,0.346
Cu2Cl2C6N2F8,0.087,-0.961,p-1,0.44,-5.192,-114.852,2.306,0.412
Hf4C3H2,0.051,-0.727,p-3m1,0,-3.508,-70.872,,0
Cu2Cl2C6N2H8,0.076,-0.19,p-1,0.888,-3.757,-113.35,,0.813
Nb4C3H2,0.073,-0.447,p-3m1,0,-4.282,-79.637,,0
I2Cu2C6N2F8,0.09,-0.9,p-1,0.237,-5.023,-113.032,1.621,0.218
Ta4C3H2,0.063,-0.421,p-3m1,0,-4.044,-77.365,,0
Ti4C3H2,0.027,-0.689,p-3m1,0,-4.159,-67.265,,0
V4C3H2,0.088,-0.326,p-3m1,0,-4.632,-71.34,,0
I2Cu2C6N2H8,0.166,-0.134,p-1,1.045,-3.908,-111.602,2.502,0.838
Zr4C3H2,0.057,-0.733,p-3m1,0,-3.697,-70.516,,0
Hf4C3O2,0.102,-1.678,p-3m1,0,-5.3,-83.037,,0
Nb4C3O2,0.077,-1.212,p-3m1,0,-5.595,-90.12,,0
Ta4C3O2,0.063,-1.249,p-3m1,0,-5.334,-88.415,,0
Ti4C3O2,0.066,-1.502,p-3m1,0,-6.014,-78.181,,0
V4C3O2,0.146,-0.968,p-3m1,0,-6.582,-80.711,,0
Zr4C3O2,0.107,-1.648,p-3m1,0,-5.214,-82.354,,0
Hf3Cl2C2,0,-1.326,p-6m2,0,-3.467,-53.809,,0
Ti3Cl2C2,0.006,-1.224,p-6m2,0,-4.294,-50.643,,0
Zr3Cl2C2,0,-1.366,p-6m2,0,-3.819,-53.779,,0
Hf3C2F2,0,-1.912,p-6m2,0,-2.944,-57.516,,0
Ta8TeSe2BrCl4C3N,0.087,-0.842,p1,0,-4.067,-150.281,,0
Ti3C2F2,0.003,-1.86,p-6m2,0,-4.537,-54.704,,0
Nb4S2C3,0.022,-0.774,p-3m1,0,-5.468,-84.085,,0
Ta4S2C3,0.008,-0.802,p-3m1,0,-5.306,-82.298,,0
Y3C2F2,0.169,-1.716,p-6m2,0,-4.468,-47.699,,0
Zr3C2F2,0,-1.964,p-6m2,0,-3.215,-57.57,,0
V4S2C3,0.093,-0.571,p-3m1,0,-5.365,-75.046,,0
Hf3C2H2,0.076,-0.663,p-6m2,0,-3.431,-52.25,,0
Cs2C4O6H6,0.094,-1.043,p-1,4.513,-3.109,-108.003,6.166,4.473
Cs2S6C4H6,0.067,-0.276,p-1,2.246,-3.772,-87.929,3.345,2.243
K2C4O6H6,0.108,-1.046,p-1,4.684,-3.123,-108.838,6.358,4.672
Rb2C4O6F6,0.01,-1.803,p-1,5.583,-4.678,-111.415,7.403,5.558
Ti3C2H2,0.053,-0.635,p-6m2,0,-4.136,-49.603,,0
Rb2S6C4H6,0.069,-0.263,p-1,2.249,-3.767,-87.853,3.348,2.231
Zr3C2H2,0.083,-0.683,p-6m2,0,-3.633,-52.076,,0
Nb3C2O2,0.114,-1.371,p-6m2,0,-5.194,-69.264,,0
Ta3C2O2,0.117,-1.397,p-6m2,0,-5.011,-67.918,,0
Ti3C2O2,0.175,-1.609,p-6m2,0,-6.142,-60.017,0.478,0
V3C2O2,0.188,-1.107,p-6m2,0,-6.383,-62.011,,0
Nb3S2C2,0.045,-0.805,p-6m2,0,-5.067,-63.21,,0
Ta3S2C2,0.051,-0.817,p-6m2,0,-4.901,-61.765,,0
V3S2C2,0.096,-0.621,p-6m2,0,-5.178,-56.514,,0
Os2K2C2O2F10,0.013,-1.952,p2_1/m11,0.544,-7,-104.508,1.831,0.502
Hf6IClCN2O4,0.122,-2.124,p1,0,-4.236,-126.578,,0
Sc2Br2C,0,-1.327,p-3m1,1.174,-5.181,-28.346,1.736,0.663
Hf2Cl2C,0,-1.466,p-3m1,0,-3.859,-35.133,,0
Nb2Cl2C,0,-1.051,p-3m1,0,-4.241,-38.698,,0
Sc2Cl2C,0,-1.585,p-3m1,1.178,-5.51,-30.033,1.907,0.883
Ta2Cl2C,0.032,-0.947,p-3m1,0,-3.793,-37.156,,0
Ti2Cl2C,0,-1.397,p-3m1,0,-4.593,-33.154,,0
V2Cl2C,0.023,-0.895,p-3m1,0,-4.657,-34.311,,0
Y2I2C2,0,-0.904,c2/m11,0,-4.415,-36.205,,0
Y2Cl2C,0,-1.587,p-3m1,0.982,-5.295,-30.108,1.763,0.961
CoS4C4N2H8,0.091,-0.157,p112/m,0,-4.591,-107.694,,0
Zr2Cl2C,0,-1.548,p-3m1,0,-4.253,-35.337,,0
NiC4N2O4H8,0.135,-0.557,p112/m,1.326,-4.23,-118.513,4.256,1.326
Hf2CF2,0.04,-2.26,p-3m1,0,-3.63,-38.707,,0
Au2C4O8F4,0.025,-1.192,p2_1/b11,0,-5.895,-111.936,,0
CdCl2C4N2H4,0.141,-0.27,p2/m11,2.318,-5.242,-74.89,3.619,2.176
Sc2CF2,0,-2.541,p-3m1,1.425,-4.516,-34.419,2.067,1.02
Ti2CF2,0,-2.274,p-3m1,0,-4.804,-37.143,,0
V2CF2,0.079,-1.724,p-3m1,0,-5.383,-38.059,,0
Y2CF2,0,-2.497,p-3m1,1.289,-3.69,-34.261,1.966,1.117
Zr2CF2,0,-2.363,p-3m1,0,-3.906,-39.012,,0
Hf2CH2,0.082,-0.588,p-3m1,0,-3.426,-33.82,,0
Sc2CH2,0.071,-0.546,p-3m1,1.16,-4.573,-27.917,2.009,1.01
Ti2CH2,0.053,-0.586,p-3m1,0,-4.077,-32.176,,0
Zr2CH2,0.095,-0.627,p-3m1,0,-3.652,-33.807,,0
Hf2CO2,0.168,-2.307,p-3m1,2.036,-4.879,-46.017,1.681,0.938
Hf2Se2C,0.098,-1.076,p-3m1,0,-5.696,-36.578,,0
Hf2Te2C,0.092,-0.771,p-3m1,0,-4.534,-34.497,,0
I2Sc2C,0,-0.931,p-3m1,0,-4.512,-26.149,0.759,0
Zr2I2C,0,-0.933,p-3m1,0,-3.722,-31.646,,0
Mo2Se2C,0.153,-0.333,p-3m1,0,-4.811,-40.254,,0
Nb2CO2,0.11,-1.728,p-3m1,0,-5.76,-48.758,,0
Nb2S2C,0.003,-0.946,p-3m1,0,-5.635,-42.76,,0
Nb2Se2C,0,-0.837,p-3m1,0,-5.018,-41.021,,0
Nb2Te2C,0,-0.558,p-3m1,0,-4.431,-39.07,,0
Ta2CO2,0.113,-1.766,p-3m1,0,-5.522,-47.93,,0
Ti2CO2,0.112,-2.061,p-3m1,0.64,-5.662,-43.153,1.295,0.325
V2CO2,0.185,-1.437,p-3m1,0,-6.645,-43.701,,0
Zr2CO2,0.172,-2.288,p-3m1,1.812,-4.817,-45.712,1.729,0.95
Ta2S2C,0,-0.975,p-3m1,0,-5.405,-41.881,,0
Y3C2,0.199,-0.14,p-6m2,0,-3.52,-33.215,,0
Ti2S2C,0.145,-1.06,p-3m1,0,-6.168,-36.055,,0
V2S2C,0.073,-0.739,p-3m1,0,-5.564,-38.12,,0
Zr2S2C,0.171,-1.219,p-3m1,0,-6.239,-38.278,,0
Ta2Se2C,0,-0.832,p-3m1,0,-4.855,-39.977,,0
Ti2Se2C,0.077,-0.94,p-3m1,0,-5.422,-34.266,,0
V2Se2C,0,-0.639,p-3m1,0,-4.932,-36.426,,0
Ti7SeBr3ClC2O6,0.072,-1.951,p1,0,-5.639,-145.054,,0
Zr2Se2C,0.089,-1.081,p-3m1,0,-5.748,-36.398,,0
Ta2Te2C,0,-0.507,p-3m1,0,-4.206,-37.799,,0
Te2Ti2C,0.067,-0.678,c2/m11,0,-4.399,-32.396,,0
Te2V2C,0.035,-0.35,p-3m1,0,-4.309,-34.428,,0
Nb8BrCl7C4,0,-1.024,pm11,0,-4.183,-154.047,,0
Cr2Cl4C16N8H16,0.137,-0.185,p4/nbm,0,-4.433,-302.013,,0
Cs2C2O6,0,-1.481,p2_1/m11,1.1,-5.951,-65.659,2.664,1.048
Cs2C2O6,0.007,-1.473,p2_1/m11,1.085,-6.206,-65.585,2.628,1.065
K2C2O6,0.032,-1.473,p2_1/m11,1.04,-6.431,-66.353,2.692,0.987
Rb2C2O6,0.017,-1.469,p2_1/m11,1.08,-6.192,-65.693,2.673,1.017